,Unnamed: 0,drug,title,year,Treatment,Treatment.1,Treatment_multiple_words,Unnamed: 7,sentence,label,annotation_expert_2,Comparison_1_vs_2,annotation_expert_3,annotation_expert_4,Unnamed: 14,BioBERT_Prediction
0,8303,lidocaine,Chapter 7 Gastrointestinal Emergencies,2000.0,,,,,13,,,0,,,,0.030116155743598938
1,8314,furosemide,Chapter 7 Gastrointestinal Emergencies,2000.0,,,,,23,,,0,,,,0.032468583434820175
2,6886,rifampin,Chapter 47 Infections in Pregnancy,2010.0,,,,,192,,,0,,,,0.02875351719558239
3,5462,carbimazole,"Chapter 18 The thin, inappetent cat",2006.0,,,,,-Adverse effects appear to be less common with carbimazole than methimazole and usually occur in the first 3 months of therapy,,,0,,,,0.2518286406993866
4,16448,prednisone,ICU management of severe acute respiratory syndrome,2003.0,,,,,"-Antibiotic therapy -Respiratory fluoroquinolone or macrolide -Ribavirin -400 mg intravenously every 8 h for 3 days, followed by -1200 mg orally every 12 h for 7days -Corticosteroids -Methylprednisolone 40 mg intravenously every 12 h for 3 days followed by prednisone 50 mg orally per day for 7 days.",,,0,,,,0.013012373819947243
5,10345,phenobarbital,"Chapter 36 The cat with seizures, circling and/or changed behavior",2006.0,,,,,"-If phenobarbital is to be started as a maintenance anti-epileptic drug, a loading dose of 15-20 mg/kg (slow IV bolus) may be given to immediately achieve a therapeutic serum concentration of 60-110 μmol/L (15-25 μg/ml)",,,0,,,,0.0030824888963252306
6,6363,creatinine,,,prescribed,", with symptom duration of 72 hours or less ► Is able and willing to comply with all trial requirements ► Participant or legal guardian(s) of a child is willing and able to give informed consent ► Agrees not to take antiviral agents apart from study antiviral agents according to patient randomisation ► Chronic renal failure, for example, known or estimated creatinine glomerular filtration rate <60 mL/min (known=recorded in participant's clinical records) ► Condition or treatment associated with significant impaired immunity (eg, long-term oral steroids, chemotherapy or immune disorder) (known=recorded in participant's clinical records) ► Those who in the opinion of the responsible clinician should be @DISEASE$ immediate antiviral treatment ► Allergic to oseltamivir or any other trial medication ► Scheduled elective surgery or other procedures requiring general anaesthesia during the subsequent 2 weeks ► Participant with life expectancy estimate by a clinician to be less than 6 months ► Patient with severe hepatic impairment ► Responsible clinician considers urgent hospital admission is required ► Any other significant disease or disorder which, in the opinion of the responsible clinician, may either put the participants at risk because of participation in the trial, may influence the result of the trial or may affect the participant's ability to participate in the trial ► Involvement, including completion of any follow-up procedures, in another clinical trial of an investigational medicinal product in the last 90 days ► Previous Antivirals for influenza-Like Illness? An rCt of Clinical and Cost effectiveness in primary CarE trial participation ► Patients unable to be randomised within 72 hours after onset of symptoms ► Requirement for any live viral vaccine in the next 7 days -Optional according to specific country legislation:Pregnant, lactating or breastfeeding women ILI, influenza-like illness.",,"treat, treatment, prescribe, therapy, take, effect",", with symptom duration of 72 hours or less ► Is able and willing to comply with all trial requirements ► Participant or legal guardian(s) of a child is willing and able to give informed consent ► Agrees not to take antiviral agents apart from study antiviral agents according to patient randomisation ► Chronic renal failure, for example, known or estimated creatinine glomerular filtration rate <60 mL/min (known=recorded in participant's clinical records) ► Condition or treatment associated with significant impaired immunity (eg, long-term oral steroids, chemotherapy or immune disorder) (known=recorded in participant's clinical records) ► Those who in the opinion of the responsible clinician should be prescribed immediate antiviral treatment ► Allergic to oseltamivir or any other trial medication ► Scheduled elective surgery or other procedures requiring general anaesthesia during the subsequent 2 weeks ► Participant with life expectancy estimate by a clinician to be less than 6 months ► Patient with severe hepatic impairment ► Responsible clinician considers urgent hospital admission is required ► Any other significant disease or disorder which, in the opinion of the responsible clinician, may either put the participants at risk because of participation in the trial, may influence the result of the trial or may affect the participant's ability to participate in the trial ► Involvement, including completion of any follow-up procedures, in another clinical trial of an investigational medicinal product in the last 90 days ► Previous Antivirals for influenza-Like Illness? An rCt of Clinical and Cost effectiveness in primary CarE trial participation ► Patients unable to be randomised within 72 hours after onset of symptoms ► Requirement for any live viral vaccine in the next 7 days -Optional according to specific country legislation:Pregnant, lactating or breastfeeding women ILI, influenza-like illness.",,,0,,,,0.12807169556617737
7,16956,vancomycin,Daptomycin: A cyclic lipopeptide antimicrobial agent,2004.0,,,,,":,2 Vancomycin has traditionally been used to treat infections caused by oxacillinresistant or methicillin-resistant Staphylococcus aureus (ORSA or MRSA, respectively); strains with reduced susceptibility to vancomycin (minimum concentration to inhibit 90% growth [MICg0], 8 llg/mD, termed vancomycin-intermediate 5 aureus (VISA), z > have appeared since 1996",,,0,,,,0.14191502332687378
8,9933,morphine,Has osteopathy a role to play in treatment of flu?,2010.0,,,,,'Patients who receive morphine preoperatively and OMT postoperatively tend to have less postoperative pain and require less intravenously administered morphine,,,0,,,,0.005027967970818281
9,15644,tacrolimus,Hepatitis E Virus–Associated Meningoencephalitis in a Lung Transplant Recipient Diagnosed by Clinical Metagenomic Sequencing,2017.0,,,,,""" During that hospitalization, she was treated with a variety of abortive migraine medications with only partial response and diagnosed with tacrolimus toxicity (initial tacrolimus level of 36.8 ng/mL; 24.6 ng/mL on discharge) and acute kidney injury",,,0,,,,0.9046627283096313
10,20167,palivizumab,Viral outbreaks in neonatal intensive care units: What we do not know,2013.0,,,,,"""Change in antibiotic therapy"" in case of viral infections assume a different significance and importance, meaning the suspension of antibiotic therapy after the confirmation of the viral source of infection or, in most cases, the switch to antiviral agents or palivizumab for respiratory syncytial virus outbreaks",,,0,,,,0.45041218400001526
11,12509,tamiflu,Talking to the public about a pandemic: some applications of the WHO outbreak communication guidelines.,2005.0,,,,,"""We're trying to explain to parents that avian flu is really not a concern at this point for their children,"" a Maryland pediatrician told Bloomberg News in December 2005, explaining her refusal to prescribe Tamiflu.",,,0,,,,0.9136146903038025
12,5494,erythropoietin,The 2–5 A system: Modulation of viral and cellular processes through acceleration of RNA degradation,1998.0,,,,,"( 198 1, 1984a ) discovered that rat bone marrow cell cultures were inhibited in their ability to respond to erythropoietin induction of red cell formation when they were treated with 2-5A tetramer core (A~'P~'A~'P~A~'P~'A) at a concentration of 10-4 M",,,0,,,,0.9214913845062256
13,22215,c1-inh,Hereditary and acquired angioedema: Problems and progress: Proceedings of the third C1 esterase inhibitor deficiency workshop and beyond,2004.0,,,,,"(1) Proven C1-INH deficiency (2) Prophylactic therapy optimal (3) Required infusions of C1-INH concentrate at least every 3 months (4) Infusion partner available (5) Commitment to program Of 34 patients considered for the program, 4 patients from the same family were already self-administering (under the care of their general practitioner) and received a refresher course",,,0,,,,0.0031705559231340885
14,154,cabergoline,Small Animal Reproduction: scientific facts versus dogmas or unverified beliefs.,2020.0,,,,,"(10) had observed a pregnant queen which, after being treated with the dopamine agonist cabergoline, was able to maintain her pregnancy with a plasma progesterone concentration below 1 ng/mL for more than 7 days",,,0,,,,0.8798895478248596
15,10278,cortisone,In vitro macrophage manifestation of cortisone-induced decrease in resistance to mouse hepatitis virus,1981.0,,,,,(10) on how cortisone is able to suppress immune responses begins to explain the well known ability of cortisone to suppress antibody and T cell response,,,0,,,,0.9697208404541016
16,21609,cortisone,Chapter 9 Viral Diseases of the Digestive System,1982.0,,,,,(1964) showed that macrophages from genetically resistant mice treated with cortisone to enhance susceptibility behave in culture as if they were from susceptible animals.,,,0,,,,0.9705891609191895
17,8876,prednisolone,Treatment of cats with feline infectious peritonitis,2008.0,,,,,"(1968) treated a cat suspected to have feline infectious peritonitis (FIP) with prednisolone, penicillin, and dihydrostreptomycin, and the cat remained alert",,,0,,,,0.00347562856040895
18,10240,amantadine,Chapter 7 Orthomyxovirus infections,1985.0,,,,,"(1970) amantadine hydrochloride was administered orally in two separate doses of 120 mg/kg (higher dose group) and 40 mg/kg once a day for 6 successive days from the 9th to the 14th day of pregnancy to nullipara rats of Wistar strain at the age of 3-4 months, in order to examine its effects upon the foetus during the final stage of pregnancy and their postnatal growths",,,0,,,,0.6272385716438293
19,14307,trypsin,Rotavirus infections associated with diarrhoea in calves in Egypt,1981.0,,,,,"(1977) was used, in which the virus isolation from faeces was achieved by treating a 1/10 dilution of faeces with 100 ~g of trypsin/ml at 37~ for 15 minutes",,,0,,,,0.32860273122787476
20,8873,melphalan,Treatment of cats with feline infectious peritonitis,2008.0,,,,,"(1978) treated a cat with melphalan, an alkylating agent of the nitrogen mustard group that irreversibly interacts with DNA",,,0,,,,0.055707089602947235
21,7225,aspirin,VII Digestive System 1,2000.0,,,,,(1982) showed that extravasation of red blood cells and greater vascular damage was observed in rats treated with aspirin or benoxprofen than in pigs given similar doses,,,0,,,,0.9489400386810303
22,11430,amantadine,Chapter 9 Fusion of Viral Envelopes with Cellular Membranes,1988.0,,,,,"(1985) selected mutant viruses with altering pH dependence by growing virus in cells treated with amantadine chloride, which raises the endosomal pH",,,0,,,,0.9264896512031555
23,8783,glutamine,Signals for ribosomal frameshifting in the rous sarcoma virus gag-pol region,1988.0,,,,,(1985a) first showed by direct amino acid sequencing that the termination codon separating the murine leukemiavirus (MLV) gag and pal genes is efficiently suppressed by a glutamine-charged tRNA,,,0,,,,0.08945082873106003
24,7109,itraconazole,14 Infectious Diseases,2016.0,,,,,"(1990) satisfactorily treated candidiasis of the uropygial gland of penguins by feeding them fish containing itraconazole (Sporanox, Janssen Pharmaceuticals) at a dosage rate of 10 mg/kg/day for 20 days",,,0,,,,0.06207021698355675
25,18311,aspirin,A new pharyngitis model using capsaicin in rats,1998.0,,,,,(1993) that indomethacin (10 mg/kg orally) and aspirin (200 mg/kg orally) did not suppress capsaicin-induced mouse ear edema,,,0,,,,0.6243411898612976
26,8875,ribavirin,Treatment of cats with feline infectious peritonitis,2008.0,,,,,"(1993b) administered the antiviral drug ribavirin (16.5 mg/kg for 24 h for 10-14 days orally, intramuscularly, or intravenously) to specific pathogenfree (SPF) kittens 18 h after experimental challenge exposure with a FIP-causing virus",,,0,,,,0.00682724267244339
27,14110,enrofloxacin,Chapter 9 Biology and Diseases of Rabbits,2002.0,,,,,(1996) were able to derive Pasteurella-free rabbits by treating pregnant does with enrofloxacin past kindling,,,0,,,,0.0028249716851860285
28,11761,vancomycin,Chapter 4 Biology and Diseases of Rats,2002.0,,,,,"(1997) recommend passage of cecal contents through a 0.65-ktm filter, then culture on Brucella agar with antibiotics (trimethoprim, vancomycin, polymyxin) to suppress growth of unwanted organisms that are not removed by the filter (Fox and Lee, 1997) .",,,0,,,,0.8488944172859192
29,4992,melatonin,Chapter 12 Environmental and Equipment Monitoring,2007.0,,,,,(1999) compared the effect of LED and cool white fluorescent light of equal intensity on suppression of pineal gland melatonin in male Sprague Dawley rats,,,0,,,,0.9700503945350647
30,3938,chlorpromazine,The key molecular events during Macrobrachium rosenbergii nodavirus (MrNV) infection and replication in Sf9 insect cells,2016.0,,,,,(2) incubated with MrNV inoculum on ice for 1 h in culture medium; (3) pretreated with 200 M genistein for 30 min before incubation with MrNV inoculum; (4) pretreated with 200 M genistein for 30 min before co-incubation with the 30 nM okadaic acid (CAV1 agonist) + MrNV inoculum 30 min-2 h; (5) treated with 30 nM okadaic and MrNV inoculum; and (6) treated with 40 M chlorpromazine (CLA inhibitor) or 50 g/ml transferrin (CLA agonist) for 30 min followed by addition of MrNV inoculum,,,0,,,,0.8953002691268921
31,19792,progesterone,Replacement Management in Cattle | Breeding Standards and Pregnancy Management,2011.0,,,,,"(2) Intravaginal insertion of a progesterone-releasing insert (progesterone-releasing intravaginal device (PRID) or controlled internal drug release (CIDR) insert) for 5 or 7 days with PGF 2 injection administered at insert removal; or injection of GnRH at insert placement, injection of PGF 2 at insert removal, followed by second injection of GnRH given 48-56 h after PGF 2 with one TAI 12-20 h later",,,0,,,,0.030173569917678833
32,19295,amylopectin,Abstracts of Papers Submitted to the American Gastroenterological Association,1972.0,,,,,"(2) Of the 85 patients on propantheline therapy, good results were observed in 60, and poor results in 25 (2~1o); (3) Of the 70 patients on amylopectin sulfate therapy, good results were observed in 58 and poor results in 12 (lrlo); and (4) Of the 52 patients on combined propantheline and amylopectin sulfate, good results were observed in 43, and poor results in 9 (lrlo)",,,0,,,,0.17299365997314453
33,1999,sertraline,Extending SemRep to the Public Health Domain,2013.0,,,,,"(2) Sertraline TREATS Stress Disorders, Post-Traumatic (Predication)",,,0,,,,0.06523769348859787
34,9274,lamivudine,"Recombination in viruses: Mechanisms, methods of study, and evolutionary consequences",2015.0,,,,,(2000) found that differences in the rate of evolution of lamivudine resistance between infected individuals arose through genetic drift affecting the relative frequency of different genetic variants prior to therapy,,,0,,,,0.9651846289634705
35,20626,amantadine,,,,,,,(2002) have used a highly neurovirulent recombinant R404BP strain of influenza A (H1N1) virus to test amantadine therapy in mice,,,0,,,,0.08071400970220566
36,11290,glycyrrhizin,Antiviral effects on bacteriophages and rotavirus by cranberry juice,2007.0,,,,,"(2003) reported that glycyrrhizin, a component of licorice roots, inhibited the in vivo replication of the severe acute respiratory syndrome (SARS)associated corona virus and alluded to the use of glycyrrhizin as a possible therapeutic agent",,,0,,,,0.8333719372749329
37,5611,testosterone,Cordyceps – A traditional Chinese medicine and another fungal therapeutic biofactory?,2008.0,suppress,,,suppress,"(2003b) demonstrated in a convincing study, that CS mycelium regulates mouse cell testosterone production and may suppress stimulated testosterone production via P450 scc enzyme activity",,0,1,,,,0.9888128638267517
38,16055,nelfinavir,Development of antiviral therapy for severe acute respiratory syndrome,2005.0,,,,,(2004) demonstrated that nelfinavir inhibits the replication of SARS-CoV in Vero E6 cells at nanomolar concentration which are easily achievable in plasma of treated patients,,,0,,,,0.05283240228891373
39,9852,tamoxifen,The ADAM metalloproteinases,2008.0,,,,,"(2005) High ADAM9 levels predict higher efficacy of tamoxifen therapy in ER+ breast cancers Sieuwerts et al., 2005 Overexpression in non-small cell lung cancer linked to brain metastasis Shintani et al",,,0,,,,0.05210578441619873
40,6659,benzoate,Integrity of mating behaviors and seasonal reproduction in coyotes (Canis latrans) following treatment with estradiol benzoate,2010.0,,,,,"(2006) also reported cases of spontaneous abortion, prolonged gestation, and reduced litter sizes in domestic dogs treated with estradiol benzoate (EB)",,,0,,,,0.9877588152885437
41,1825,sitagliptin,Downregulation of Signaling-active IGF-1 by Dipeptidyl Peptidase IV (DPP-IV),2010.0,,,,,(2006) reported no significant change in circulating IGF-1 levels when the DPP-IV inhibitor sitagliptin was administered to pigs for three days (44),,,0,,,,0.011940344236791134
42,12890,atazanavir,,,,,,,"(2007) , as the >6 log 10 HIV-1 RNA log drop seen following NVP018 dosing was more pronounced than for approved therapies such as efavirenz, atazanavir, emtricitabine, and nevirapine, which showed 1-4 log 10 viral RNA reductions after 21 days' bidaily dosing at 100 mg/kg.",,,0,,,,0.008267495781183243
43,22607,creatine,Strategies for Pharmacological Organoprotection during Extracorporeal Circulation Targeting Ischemia-Reperfusion Injury,2015.0,,,,,"(2007) demonstrated that not only biochemical parameters were significantly lower (i.e., creatine kinase, lipid peroxide) in hearts treated with taurine but also heart function itself was significantly improved (i.e., left ventricular systolic and diastolic pressure, rate of pressure increase and decrease)",,,0,,,,0.9047460556030273
44,22610,cyclosporine,Strategies for Pharmacological Organoprotection during Extracorporeal Circulation Targeting Ischemia-Reperfusion Injury,2015.0,,,,,(2008) described a reduced infarct size in patients with acute myocardial infarction who were treated with cyclosporine before PCI,,,0,,,,0.07492336630821228
45,927,lecithin,Chapter 2 Nanostructuring Biopolymers for Improved Food Quality and Safety,2018.0,,,,,"(2008) reported on the structural characterization of soybean lecithin/chitosan nanoparticles loaded with a lipophilic positively charged drug used in breast cancer therapy by combining cryo-TEM, static light scattering, and SAXS and SANS techniques",,,0,,,,0.04770069569349289
46,8823,indomethacin,Chapter 4 Emergence in the functionalized carbon nanotubes as smart nanocarriers for drug delivery applications,2018.0,,,,,"(2012) prepared the membrane-coated drug delivery tablets, employing carboxyl functionalized MWCNTs for sustained therapeutic action of indomethacin.",,,0,,,,0.0023221636656671762
47,453,alcohol,Chapter 21 In Silico Models From Simple Networks to Complex Diseases,2014.0,,,,,(2012) showed how the in silico model of alcohol dependence can provide virtual clues for classifying the physiology and behavior of patients so that personalized therapy can be developed.,,,0,,,,0.2602846622467041
48,22608,cyclosporine,Strategies for Pharmacological Organoprotection during Extracorporeal Circulation Targeting Ischemia-Reperfusion Injury,2015.0,,,,,"(2014) reported on reduced troponin T levels in patients undergoing CPB, who were treated with cyclosporine prior to bypass",,,0,,,,0.02345236763358116
49,4006,fluorouracil,Targeting cancer stem cells with dietary phytochemical - Repositioned drug combinations,2018.0,,,,,"(2014) reported that curcumin sensitized colorectal CSCs towards fluorouracil (5-FU) and suppressed the crosstalk between CSCs and stromal fibroblasts in the tumor niche, using co-culture and assaying EMT markers by immunoblotting [50] .",,,0,,,,0.7783015966415405
50,11688,ribavirin,Middle East Respiratory Syndrome Coronavirus “MERS-CoV”: Current Knowledge Gaps,2015.0,,,,,"(2014) showed that in patients with severe MERS-CoV infection, ribavirin and interferon alfa-2a therapy are significantly associated with improved survival at 14 days, but not at 28 days [58] ",,,0,,,,0.005594509653747082
51,23500,acetone,"Inhibition of RNA Helicases of ssRNA(+) Virus Belonging to Flaviviridae, Coronaviridae and Picornaviridae Families",2010.0,therapies,,,"treat, treatment, therapeutic, effect, therapies, therapeutic","(3) DEAE-cellulose chromatography using triethylammonium bicarbonate (TEAB) buffer (4) NaI, acetone This emphasizes that new therapies are clearly needed, since for the treatment of this infection, and generally for diseases caused by viruses belonging to the Flaviviridae family, therapeutic strategies really effective and selective are not available.",,,0,,,,0.008473709225654602
52,22042,epoprostenol,Long-term Survival in Patients with Severe Acute Respiratory Distress Syndrome and Rescue Therapies for Refractory Hypoxemia,2014.0,,,,,"(3) In clinical practice, as an effort to improve oxygenation in these patients, several different ""rescue therapies"" are often used, including inhaled nitric oxide, inhaled epoprostenol and prone position ventilation",,,0,,,,0.0012835358502343297
53,2230,lidocaine,"I, 3. The enteric nervous system and infectious diarrhea",2003.0,,,,,"(3) Lidocaine (local anesthetic) administered luminally or on the serosal surface reverses cholera secretion to fluid absorption and attenuates the increased PD (Cassuto et al., 1981a (Cassuto et al., , 1983 Tantisira et al., 1990) ",,,0,,,,0.8431245684623718
54,1848,trypsin,"Rational monoclonal antibody development to emerging pathogens, biothreat agents and agents of foreign animal disease: The antigen scale",2005.0,,,,,"(4) Western immunoblot of anthrax toxins with mAbs (a) F20G6 and (b) F20M1; PA, anthrax protective antigen; PA + T, trypsin treated PA toxin (J.D.B",,,0,,,,0.2169586718082428
55,6814,digoxin,RESPIRATORY SYNCYTIAL AND OTHER VIRUSES ASSOCIATED WITH RESPIRATORY DISEASE IN INFANTS,1971.0,,,,,(6) Digoxin therapy or heart-rate of 170 or more per minute,,,0,,,,0.007942975498735905
56,4278,azithromycin,Advances in Developing Therapies to Combat Zika Virus: Current Knowledge and Future Perspectives,2017.0,,,,,"(7) Repurposed drugs like Chloroquine, azithromycin, niclosomide are used to treat ZIKV infection",,,0,,,,0.006046654190868139
57,8934,amiloride,Porcine sapelovirus enters PK-15 cells via caveolae-dependent endocytosis and requires Rab7 and Rab11,2019.0,,,,,(A and B) Immunoblotting of cells infected with PSV after treated with different concentrations of amiloride (EIPA) or wortmannin using anti-VP1 and anti-α-tubulin antibodies,,,0,,,,0.03920244425535202
58,17551,celecoxib,Activation of COX-2/PGE(2) Promotes Sapovirus Replication via the Inhibition of Nitric Oxide Production,2017.0,,,,,"(A to D) LLC-PK cells were treated with selective COX-2 inhibitors (NS398 and celecoxib), a nonselective COX inhibitor (indomethacin), and a selective COX-1 inhibitor (SC-560) as indicated prior to the addition of the virus inoculum (MOI ϭ 1 FFU/cell), and then the inhibitor(s) was removed (Pre); after the addition of the virus inoculum, and then the inhibitor(s) was left for the duration of the infection (Post); or prior to the addition of the inoculum, as well as for the duration of the infection (Pre-Post)",,,0,,,,0.8623986840248108
59,19788,tetracycline,The Lymphocytic Choriomeningitis Virus Matrix Protein PPXY Late Domain Drives the Production of Defective Interfering Particles,2016.0,,,,,"(A-C) T-Rex HEK293 cells stably transduced with vectors for tetracycline-based induction of WT vacuolar protein sorting 4A (VPS4A) or the DN VPS4A mutant, EQ, were infected with rLCMV WT and 2 d later treated with tetracycline to induce the expression of WT or DN VPS4A",,,0,,,,0.37812820076942444
60,6518,acetate,Antiviral Decoction of Isatidis Radix (板藍根 bǎn lán gēn) Inhibited Influenza Virus Adsorption on MDCK Cells by Cytoprotective Activity,2012.0,treated,,,"treat, treatment, treated","(a) ""Protecting mode: with RIE pre-treatment"", cells were incubated with viruses at 4℃ , magnified ×5000; (b) ""'Control: without RIE pre-treatment"", cells were incubated with viruses at 4℃ , magnified ×5000; Cells were fixed with Karnovsky's fixative, post-fixed with 1% OsO 4 for 45 min, dehydrated in ethanol, treated with isoamyl acetate and dried to a critical point with HCP-2",,,0,,,,0.21425412595272064
61,18384,acetate,Processing tissue and cells for transmission electron microscopy in diagnostic pathology and research,2007.0,treat,,,treat,"(A) En bloc uranyl acetate (the most common method) (i) After osmium tetroxide post-fixation and buffer washes, treat cells or tissue for 2 Â 5 min with 50% ethanol",,,0,,,,0.01062613446265459
62,9504,serine,The Hemagglutinin of Bat-Associated Influenza Viruses Is Activated by TMPRSS2 for pH-Dependent Entry into Bat but Not Human Cells,2016.0,,,,,(A) HEK-293T cells were transfected with plasmids encoding HA or HAL proteins and either trypsin treated or cotransfected with plasmids encoding type II transmembrane serine proteases,,,0,,,,0.31112319231033325
63,3703,doxycycline,,,,,,,"(a) HeLa Flp-In™ T-REx™ cell lines stably expressing TARG1 wildtype (WT), TARG1-G123E (G123E) or an empty vector control were treated with 500 ng/ml doxycycline for the indicated time points to induce transgene expression",,,0,,,,0.03921234980225563
64,22639,aprepitant,Neurokinin-1 enables measles virus trans-synaptic spread in neurons,2007.0,,,,,"(A) Mice were infected as described and administered aprepitant orally one day prior to infection (double dose), one day after infection, and every other day thereafter",,,0,,,,0.004859752953052521
65,3197,azithromycin,Guideline for Antibiotic Use in Adults with Community-acquired Pneumonia,2018.0,,,,,(a) β-lactam + azithromycin or (b) β-lactam + fluoroquinolone combination therapy is performed,,,0,,,,0.05125720426440239
66,22764,trypsin,Coordinate induction of IFN-α and -γ by SARS-CoV also in the absence of virus replication,2005.0,,,,,"(b and c) Infectivity (b) and viral RNA (positive and negative strand), (c) in PBMC infected at MOI 10, treated with trypsin after the adsorbtion phase",,,0,,,,0.6346105337142944
67,17492,mitomycin,Phenotypic and functional characterization of the major lymphocyte populations in the fruit-eating bat Pteropus alecto,2016.0,,,,,"(b) Allogeneic Mixed Lymphocyte Reaction (MLR), ""stimulator cells"" (prepared form one bat spleen) were treated with Mitomycin C and were then co-cultured for 5 days with Cell Trace Violet-labeled ""responder cells"" (prepared from another bat spleen) (red) or were cultured alone in media (grey)",,,0,,,,0.7277448773384094
68,22916,clomiphene,Ebola hemorrhagic fever: Properties of the pathogen and development of vaccines and chemotherapeutic agents,2015.0,,,,,"(b) Estrogen receptor inhibitor clomiphene, which suppresses the endosomal stage of infection [70, 71] ",,,0,,,,0.8296721577644348
69,3479,thalidomide,The potential use of thalidomide in the therapy of graft-versus-host disease—A review of clinical and laboratory information,1990.0,,,,,"(b) In contrast to other immunosuppressants, thalidomide appears to act in a permanent way: GVHD is controlled after therapy has been stopped.",,,0,,,,0.037950299680233
70,13324,methionine,Regulation of Programmed Ribosomal Frameshifting by Co-Translational Refolding RNA Hairpins,2013.0,,,,,(B) In vitro -1 PRF assays by SDS-PAGE analysis of 35 S methionine-labeled translation products for reporter constructs in (A) (left) and the relative frameshifting activity calculated by treating that of construct 13390-13520 as 100% (right),,,0,,,,0.007863430306315422
71,13511,chymotrypsin,Specific Single or Double Proline Substitutions in the “Spring-loaded” Coiled-Coil Region of the Influenza Hemagglutinin Impair or Abolish Membrane Fusion Activity,1998.0,,,,,(B) Proteolytic processing: Cells transfected with plasmids encoding wt-and mutant HAs were grown in the presence of dMM and treated with either 5 g/ml chymotrypsin (Ϫ) or trypsin (ϩ) for 6 min at RT,,,0,,,,0.061188723891973495
72,16829,cholesterol,"Arenavirus Entry Occurs Through a Cholesterol-Dependent, Non-Caveolar, Clathrin-Mediated Endocytic Mechanism",2007.0,,,,,"(B) Vero cells treated with MβCD, or treated with MβCD, followed by cholesterol reconstitution",,,0,,,,0.008577951230108738
73,5154,doxycycline,Selective Degradation of Host RNA Polymerase II Transcripts by Influenza A Virus PA-X Host Shutoff Protein,2016.0,,,,,"(C-E) HEK 293T shXrn1 or shNS cells were treated with doxycycline (+dox) for four days to induce shRNAs against Xrn1 or non-specific control shRNAs (shNS), or were left untreated (-dox)",,,0,,,,0.011669805273413658
74,3704,doxycycline,,,,,,,"(c-f) HeLa Flp-In™ T-REx™ cells inducibly expressing TARG1 (c), -G123E (d), shOARD1 (e) or shCtrl (f) were or were not treated with 500 ng/ml doxycycline (Dox) for 72 h to induce transgene expression or OARD1 knock-down before seeding onto 96 well-plates",,,0,,,,0.3853711783885956
75,14562,tetracycline,Antiviral Innate Immune Response Interferes with the Formation of Replication-Associated Membrane Structures Induced by a Positive-Strand RNA Virus,2016.0,,,,,(C) Immunofluorescence microscopy of HuH-7/tetR/HA-nsp2-3GFP cells treated with tetracycline for 24 h to induce expression,,,0,,,,0.5262797474861145
76,10258,chloroquine,Doxycycline Induces Mitophagy and Suppresses Production of Interferon-β in IPEC-J2 Cells,2017.0,,,,,(C) IPEC-J2 cells were treated with DOX for 24 h or with CCCP + chloroquine (CQ) as a positive control,,,0,,,,0.0694836750626564
77,9614,infliximab,Antibody Derived Peptides for Detection of Ebola Virus Glycoprotein,2015.0,,,,,(C) Negative control experiments consisted of the use of Infliximab (anti-rheumatoid arthritis therapeutic mAb; black mAb with pink variable regions) instead of an anti-GP mAb or fragment,,,0,,,,0.014556343667209148
78,3838,tetracycline,,,,,,,"(C) PLZF-inducible U937T cells were treated with IFNα for 6, 16 and 24 h in the presence and absence of PLZF expression (24 h tetracycline withdrawal) and RNA samples analyzed for ISG expression",,,0,,,,0.2342197149991989
79,17373,raltegravir,A Functional Role for ADAM10 in Human Immunodeficiency Virus Type-1 Replication,2011.0,,,,,"(D) 2-LTR circle formation in ADAM10 down-regulated macrophages was significantly less than that seen in macrophages treated with the integrase inhibitor raltegravir, and was similar to infected but untreated cells",,,0,,,,0.10115491598844528
80,13221,starch,3.49 Proteases,2011.0,Treatment,,,"treat, treatment","(DSM 14392) and washing and cleaning products comprising said alkaline protease Protease, a gene therefor and the use thereof Acid fungal protease in fermentation of insoluble starch substrates Method of identifying antinociceptive compounds using protease activated receptor-2 Regulation of human prostasin-like serine protease Extracellular serine protease Fluorescence polarization assay to detect protease cleavage Insertion of furin protease cleavage sites in membrane proteins and uses thereof Composition exhibiting a von Willebrand factor (vWF) protease activity comprising a polypeptide chain with the amino acid sequence AAGGILHLELLV Mutational profiles in HIV-1 protease and reverse transcriptase correlated with phenotypic drug resistance HCV NS3-NS4A protease resistance mutants Ubiquitin protease Nucleic acids encoding Cry8Bb1 endotoxins engineered to have insect-specific protease recognition sequences Mutational profiles in HIV-1 protease correlated with phenotypic drug resistance Genes encoding plant protease-resistant pesticidal proteins and method of their use Lactobacillus acidophilus nucleic acid sequences encoding protease homologues and uses therefore Human PRSS11-like S2 serine protease and uses thereof Protease EFC cell surface fusion protein assay Alkaline protease from Bacillus gibsonii (DSM 14391) and washing and cleaning products comprising said alkaline protease Mutants of the factor VII-activating protease and detection methods using specific antibodies Purine-or pyrrolol [2,3-d] pyrimidine-2-carbonitiles for treating diseases associated with cysteine protease activity Soluble, functional apoptotic protease-activating factor 1 fragments Antibody directed against a ubiquitin-specific protease occurring in the brain Treatment and composition for achieving skin anti-aging benefits by corneum protease activation Immunoassay methods for detecting interleukin-1 beta converting enzyme like apoptosis protease-3 Peptide biosensors for anthrax protease System for protease mediated protein expression Vectors with modified protease-dependent tropism Crystal of HIV protease-cleaved human beta secretase and method for crystallization thereof Bioluminescent protease assay with modified aminoluciferin or derivatives thereof GFP-SNAP25 fluorescence release assay for botulinum neurotoxin protease activity (Continued) Fret protease assays for clostridial toxins 7,332,320",,,0,,,,0.15578609704971313
81,22126,doxycycline,An siRNA screen for ATG protein depletion reveals the extent of the unconventional functions of the autophagy proteome in virus replication,2016.0,,,,,"(E) HEK293T-REx cells were treated with doxycycline (Dox) for 24 h, and CV titer was determined",,,0,,,,0.026104174554347992
82,23310,chlorpromazine,SARS coronavirus entry into host cells through a novel clathrin- and caveolae-independent endocytic pathway,2008.0,,,,,(E) Vero E6 cells were treated with the indicated amount of chlorpromazine (CPZ) before they were incubated with GFPspike-bearing pseudovirus,,,0,,,,0.3031642436981201
83,5413,gemcitabine,Translesion polymerase kappa-dependent DNA synthesis underlies replication fork recovery,2018.0,,,,,"(F) Western blot analysis of RPE-1 cells treated with either HU (2 mM), APH (5 mM), or Gemcitabine (Gem, 1 mM) for 4 hr, followed by a wash step and recovery in fresh media for 2 hr",,,0,,,,0.004150851629674435
84,5525,campath,T10B9 monoclonal antibody: A short-acting nonstimulating monoclonal antibody that spares γδ T-cells and treats and prevents cellular rejection,2009.0,,,,,(Figure 2 ) This is in marked contrast to thymoglobulin and Campath-1H and may be one reason why infections may occur over many months when either of these agents are administered ( Figure 1 ).,,,0,,,,0.662413477897644
85,11565,amikacin,Abstracts cont.,2004.0,,,,,"(I period) the combination of ceftazidime (6 g/day) with amikacin (1 g/day) was used as empirical antibacterial therapy of VAP, and from June 2002 to October 2003 (II period) -cefepime (4 g/day) as a single-drug therapy",,,0,,,,0.009318473748862743
86,16358,tamoxifen,,,,,,,"(J and K) WT mice, Cre-Alb ERT2 x Ifnar1 fl/WT or Cre-Alb ERT2 x Ifnar1 WT/WT (designated as Cre-Alb ERT2 3 Ifnar1 WT in the graph) and Cre-Alb ERT2 x Ifnar1 fl/fl mice were administered 1 mg tamoxifen in sunflower oil i.p",,,0,,,,0.23858265578746796
87,7030,sulbactam,P1460 – P1884,2006.0,,,,,(Period II) -cefoperazone/ sulbactam (8 g a day) as monotherapy were used as the empirical antibacterial therapy of VAP,,,0,,,,0.003478195983916521
88,16135,aztreonam,Role of micro-organisms in necrotizing enterocolitis,1997.0,,,,,"(See above: Protective effect of oral antibiotics.) A report from Leeds, UK suggested that the use of vancomycin and aztreonam to treat episodes of sepsis prevented necrotizing enterocolitis compared with vancomycin and gentamicin; infants",,,0,,,,0.10354490578174591
89,4404,ribavirin,Nursing care of patients with severe acute respiratory syndrome in the intensive care unit: case reports in Hong Kong,2004.0,,,,,(Table 1 ) He was administered intravenous ribavirin and corticosteroid,,,0,,,,0.010733851231634617
90,4405,ribavirin,Nursing care of patients with severe acute respiratory syndrome in the intensive care unit: case reports in Hong Kong,2004.0,,,,,"(Table 1) On admission, she was treated with ribavirin and corticosteroids",,,0,,,,0.007187919691205025
91,3870,dexamethasone,Chapter 58 Large Intestine,2013.0,,,,,[1] [2] [3] [4] Affected dogs were most often Dachshunds with thoracolumbar disk disease treated with decompressive surgery and dexamethasone at doses of 0.25 to 4.4 mg/kg/day,,,0,,,,0.030555343255400658
92,248,betamethasone,Angiotensin-converting enzymes and drug discovery in cardiovascular diseases,2010.0,,,,,[100] investigated the effect of antenatal betamethasone given to sheep at a dose and gestational time point similar to the therapy that women at risk for preterm delivery receive,,,0,,,,0.004319078288972378
93,2021,ribavirin,"Emerging Bacterial, Fungal, and Viral Respiratory Infections in Transplantation",2010.0,,,,,"[102] [103] [104] Among the clusters of LCM transmission by donor organs, 12 of 13 recipients died of multisystem organ failure, and the lone surviving patient responded to ribavirin therapy and reduction of immunosuppression",,,0,,,,0.01826251856982708
94,16249,cyclophosphamide,"Thymosin alpha 1: Biological activities, applications and genetic engineering production",2010.0,,,,,"[11] successfully constructed an effective yeast expression system for T␣1 in which pYES2-T␣1 plasmid was transformed into INVSc1 yeast host strain, and T␣1 expressed by this system could improve the level of CD8 + cells in BALB/c mice treated with cyclophosphamide in advance.",,,0,,,,0.6440060138702393
95,13805,phenylephrine,Chapter 12 Disorders of the Gastrointestinal System,2018.0,,,,,[1167] [1168] [1169] Medical therapy with phenylephrine and rolling under anesthesia (84%) was significantly more effective than phenylephrine (3-6 μg/kg/min over 15 minutes) and exercise (63.2%) in a recent report,,,0,,,,0.0036152726970613003
96,15349,alemtuzumab,Viral Pneumonia in Patients with Hematopoietic Cell Transplantation and Hematologic Malignancies,2017.0,,,,,"[117] [118] [119] Adenovirus infection occurs in 8% to 17% of patients undergoing allogeneic HCT, with most cases occurring in children",,,0,,,,0.32846057415008545
97,13763,methylprednisolone,The first imported case of Rift Valley fever in China reveals a genetic reassortment of different viral lineages,2017.0,,,,,"[12] [13] [14] [15] [16] For the first case of imported RVF in China, we used high-volume continuous renal replacement therapy, which treated the renal failure, and methylprednisolone, which reduced the inflammation in the patient",,,0,,,,0.0017244181362912059
98,1015,methotrexate,Adenoviral vector-based strategies against infectious disease and cancer,2016.0,,,,,"[121] [122] [123] In the hand and neck squamous cell carcinoma, the Advexin was tested in a phase III clinical trial, patients were randomly treated with either Ad-p53 intratumorally on days 1 and 3 of each week at a daily dose of 2 £ 10 12 vp or methotrexate once weekly at a starting dose of 40 mg/m 2 , and each treatment cycle include 21 days",,,0,,,,0.009257759898900986
99,5280,sorafenib,Pathway and Network Approaches for Identification of Cancer Signature Markers from Omics Data,2015.0,,,,,[123] reported that targeted therapy with sorafenib which inhibits multiple tyrosine kinase receptors (RAS/VEGFR) may prolong survival by about three months,,,0,,,,0.7166251540184021
100,20644,ribavirin,,,,,,,"[124] [125] [126] However, combination therapy with IFN-α and oral ribavirin is more effective than either drug used alone",,,0,,,,0.003388836048543453
101,17355,quinine,Methods for studying naturally occurring human pain and their analogues,2013.0,,,,,[124] recruited participants who presented to primary care for leg cramps into a study examining the effects of quinine in treating their condition,,,0,,,,0.02389591932296753
102,13775,azithromycin,"Optimizing the Management of the Main Acute Infections in Pediatric ORL: Tonsillitis, Sinusitis, Otitis media",2008.0,,,,,"[13] [14] [15] [16] Although macrolides may facilitate the treatment of streptococcal infections, low-dose azithromycin regimens appear to be inadequate for treating GABHS tonsillitis; furthermore, macrolide resistance is directly associated with its use",,,0,,,,0.014415040612220764
103,22915,creatinine,Chapter 31 Hematopoietic Tumors,2007.0,,,,,"[136] [137] [138] In our experience, the incidence is significant enough that renal function in cats should be monitored closely (i.e., serial creatinine and urine specific gravity analysis) before each therapy session",,,0,,,,0.8204487562179565
104,1349,palivizumab,Antiviral Natural Products and Herbal Medicines,2014.0,,,,,"[146, 147] Currently, immunization against RSV is unavailable, and the few therapies that exist for the treatment of RSV infections such as palivizumab (monoclonal antibody against RSV fusion protein) and ribavirin (nucleoside analogue) are only moderately effective or limited in efficacy",,,0,,,,0.0027955661062151194
105,22750,cyclosporine,Quantification of Torque Teno Virus and Epstein-Barr Virus Is of Limited Value for Predicting the Net State of Immunosuppression After Lung Transplantation,2018.0,,,,,"[16] , the type of induction therapy was not defined and only 26% of the patients were treated with Cyclosporine",,,0,,,,0.06950028985738754
106,14339,phenol,Characterizing Eckol as a Therapeutic Aid: A Systematic Review,2019.0,,,,,"[19] , the suppression of β-hexosaminidase release from RBL-2H3 cells by phlorotannins occurred according to their molecular size or number of phenol groups",,,0,,,,0.9599515795707703
107,17270,acyclovir,Medical treatment of viral pneumonia including SARS in immunocompetent adult,2004.0,,,,,"[20] [21] [22] 52, 53 In the case of VZV pneumonia, the absence of mortality in cases treated with the addition of steroid to an efficacious antiviral agent such as acyclovir seems to support such an approach",,,0,,,,0.002375724259763956
108,925,metformin,Saikosaponin b2 enhances the hepatotargeting effect of anticancer drugs through inhibition of multidrug resistance-associated drug transporters,2019.0,,,,,[20] found that metformin activated AMPK and suppressed MDR1 expression in MCF-7/adr cells by inhibiting the activation of NF-κB and CREB,,,0,,,,0.9375954270362854
109,21866,ribavirin,42 Gastrointestinal Complications of Secondary Immunodeficiency Syndromes,2011.0,,,,,"[205] [206] [207] Interferon with ribavirin therapy is widespread in chronic hepatitis-C monoinfected patients, and its efficacy in hepatitis C-HIV coinfected patients is yet to be fully realized",,,0,,,,0.003469626884907484
110,11404,chlorpheniramine,Prescription practice of antihistamines for acute upper respiratory tract infections in pediatric patients in a local emergency department in Hong Kong,2017.0,,,,,"[21, 22] Although diphenhydramine has been used for treating oculogyric crisis and acute dystonic reactions, dystonia had been reported following use of antihistamine such as chlorpheniramine and diphenhydramine",,,0,,,,0.9692797064781189
111,3701,rituximab,69 Acute Pneumonia,2015.0,,,,,"[237] [238] [239] As with CAP in general, there can be significant geographic differences in the relative incidence of differing pathogens.",,,0,,,,0.005031908396631479
112,578,ethylene,"A chemical free, nanotechnology-based method for airborne bacterial inactivation using engineered water nanostructures",2014.0,,,,,"[24] [25] [26] Furthermore, the use of other disinfection methods which are based on the use of biocidal gases such ethylene oxide, 27 hydrogen peroxide, 28 ozone 29 and chlorine dioxide 30 also have limitations associated with toxicity, 31 potential material damage, and in some instances downtime of the space or equipment being treated",,,0,,,,0.9535232186317444
113,17274,vidarabine,Medical treatment of viral pneumonia including SARS in immunocompetent adult,2004.0,,,,,[26] [27] [28] [29] [30] [31] [32] [33] [34] [35] [36] [37] [38] Two patients were treated with vidarabine before the widespread use of acyclovir,,,0,,,,0.022036554291844368
114,13856,methylprednisolone,CHAPTER 7 Severe Acute Respiratory Syndrome (SARS),2008.0,,,,,"[26] [27] [28] Anti-inflammatory therapy and immunomodulation with steroids, particularly high-dose methylprednisolone, have been used, and although observational data in SARS suggest that high-dose methylprednisolone may be helpful in modulating the lung injury, 18, [29] [30] [31] [32] no high-quality outcome data support their use",,,0,,,,0.8615118265151978
115,5490,ribavirin,Human Metapneumovirus Infections in Hematopoietic Cell Transplant Recipients and Hematologic Malignancy Patients: A Systematic Review,2016.0,,,,,[26] Ribavirin's role in treating hMPV infections in HCT recipients and HM patients is still not known,,,0,,,,0.10887528210878372
116,3473,peramivir,Pandemic Influenza: Implications for Preparation and Delivery of Critical Care Services,2011.0,,,,,"[27] [28] [29] Peramivir, an intravenous NA inhibitor, shown to be active in vitro against all nine HA subtypes, 30 was recently approved for emergency use for pandemic H1N1 infection when a patient is not responding to oral or inhaled therapy or when drug delivery by these routes is not feasible",,,0,,,,0.003471466014161706
117,23728,alemtuzumab,Haploidentical bone marrow transplant with posttransplant cyclophosphamide for sickle cell disease: An update,2020.0,,,,,"[28] administered a myeloablative regimen with alemtuzumab, fludarabine, treosulfan, thiotepa, and cyclophosphamide with the goal of ablating the recipient immune system to reduce graft rejection (Table 1) ",,,0,,,,0.0015554293058812618
118,7744,meropenem,"Year in review in Intensive Care Medicine 2014: III. Severe infections, septic shock, healthcare-associated infections, highly resistant bacteria, invasive fungal infections, severe viral infections, Ebola virus disease and paediatrics",2015.0,,,,,[28] prospectively analyzed the effect of a dose adaption strategy using daily therapeutic drug monitoring (TDM) on the target attainment for meropenem and piperacillin/tazobactam when pneumonia was the primary infectious diagnosis,,,0,,,,0.001356305554509163
119,22836,testosterone,Chapter 19 The Immunophysiology of Male Reproduction,2015.0,,,,,[294] [295] [296] [297] [298] The precise mechanisms involved in maintaining the testicular macrophage population are not known,,,0,,,,0.00485977390781045
120,2019,tamoxifen,Tumor‐associated macrophages secrete CC‐chemokine ligand 2 and induce tamoxifen resistance by activating PI3K/Akt/mTOR in breast cancer,2019.0,,,,,"[3] [4] [5] Tamoxifen, a selective ER modulator, is the most common endocrine therapy worldwide 6 ; hence, resistance to tamoxifen is a major clinical challenge.",,,0,,,,0.002724041696637869
121,22026,rituximab,Virus-induced vasculitis,2009.0,,,,,"[3] observed complete clinical response with the anti-CD20 monoclonal antibody, rituximab, in about 80% of patients treated for mixed CG vasculitis",,,0,,,,0.01865435019135475
122,5487,infliximab,Evaluation of infliximab as second-line treatment of acute graft versus host disease -validating response on day 7 and 28 as predictors of survival,2018.0,,,,,"[30] previously reported increased incidence of non-Candida invasive fungal infections in patients treated with infliximab for aGvHD, which is in line with our observation of invasive Aspergillus infections",,,0,,,,0.9420836567878723
123,12876,lactose,Evaluation of antirotavirus activity of flavonoids,2010.0,,,,,"[31] evaluated the antiviral effect of lactose-based sialylmimetics, with different chemical variations in order to find new target for therapeutic intervention",,,0,,,,0.1502387970685959
124,1411,glycine,,,,,,,"[32] [33] [34] [35] Thus, fragment 2 was synthesized by coupling (L) Boc-protected propargyl glycine with (L) leucine methyl ester using EDCI/HOBt/DIEA/DMF to yield the dipeptidyl ester which was subsequently treated with dry HCl in dioxane to remove the N-terminal Boc protecting group",,,0,,,,0.10693638771772385
125,3395,vancomycin,Outcome of patients with meticillin-resistant Staphylococcus aureus bacteraemia at an emergency department of a medical centre in Taiwan,2008.0,,,,,"[34] showed that an elevated MIC itself did not alter patient mortality, but a vancomycin MIC of 2 g/mL did carry a higher risk of death only in patients receiving empirical therapy",,,0,,,,0.7156525254249573
126,16490,zanamivir,Antiviral combinations for severe influenza,2014.0,,,,,"[35] [36] [37] [38] [39] [40] The fi rst randomised controlled trial of combination therapy in hospital inpatients, done by the Collaborative Antiviral Study Group in the late 1990s, showed that a regimen of oral rimantadine and nebulised zanamivir seemed to exert a slightly greater antiviral eff ect and prevent emergence of adamantane resistance compared with one of rimantadine and nebulised saline",,,0,,,,0.010613705031573772
127,8043,amantadine,The Lipophilic Bullet Hits the Targets: Medicinal Chemistry of Adamantane Derivatives,2013.0,,,,,"[365] [366] [367] [368] The effect of amantadine was proven to be beneficial, in particular when given together with the standard therapy, L-DOPA",,,0,,,,0.004551613237708807
128,14857,histamine,Chapter 19 Disorders of Foals,2004.0,,,,,[382] [383] [384] Patients in intensive care units treated prophylactically with histamine type 2 receptor antagonists are more likely to develop pneumonia during ventilation therapy and gastric colonization with potentially pathogenic bacteria or yeast,,,0,,,,0.0008619985892437398
129,15985,ribavirin,Clinical outcomes in outpatient respiratory syncytial virus infection in immunocompromised children,2016.0,,,,,[4] [5] [6] Current therapeutic options for the treatment of RSV are limited to ribavirin and/or intravenous immunoglobulin (IVIG),,,0,,,,0.0031893630512058735
130,14125,vancomycin,Meticillin-resistant Staphylococcus aureus,2005.0,,,,,"[40] [41] [42] [43] When tested, all strains were reported to be vancomycin and teicoplanin susceptible but potential emergence of resistance to these drugs should be kept in mind, since this has prompted the overuse of glycopeptides in empirical and even prophylactic therapy",,,0,,,,0.5115829110145569
131,22254,glutamine,"Year in review in Intensive Care Medicine 2014: I. Cardiac dysfunction and cardiac arrest, ultrasound, neurocritical care, ICU-acquired weakness, nutrition, acute kidney injury, and miscellaneous",2015.0,,,,,[40] recommended that glutamine should be administered intravenously (IV glutamine) to patients requiring parenteral nutrition except if they suffer from organ failures involving liver or kidneys,,,0,,,,0.14088739454746246
132,4714,ribavirin,Current research for a vaccine against Lassa hemorrhagic fever virus,2018.0,,,,,"[42] [43] [44] Additionally, therapeutics have been developed that include the preclinical testing of ribavirin and favipiravir",,,0,,,,0.0067063020542263985
133,138,propel,Antimicrobial peptides: agents of border protection for companion animals,2012.0,,,,,[42] [43] [44] These insights into specific mechanisms of antimicrobial killing may help propel development of novel therapeutics.,,,0,,,,0.7054195404052734
134,5946,etoposide,Infections associated with haemophagocytic syndrome,2007.0,,,,,[43] [44] [45] Nine of the 13 patients recovered; fi ve had been treated with an etoposide-containing regimen and four had been treated with ganciclovir and foscarnet,,,0,,,,0.10930193960666656
135,1964,amoxicillin,What is new in otitis media?,2007.0,,,,,"[43] of 90 children with AOM, 0.6-7 years of age, treated with amoxicillin or cefuroxime axetil for 10 days, the mean duration of OME was 10.2 days (range: 1-58 days); only 10 of 90 still had OME after 29-43 days.",,,0,,,,0.09612597525119781
136,14871,adenosine,Acute lung injury and acute respiratory distress syndrome: experimental and clinical investigations,2011.0,,,,,"[48, 53] N-acetylcysteine, an antioxidant and cytoprotective agent with scavenging action on reactive oxygen species and inhibitory effects on proinflammatory cytokines ameliorated organ dysfunctions due to sepsis in conscious rats",,,0,,,,0.9353782534599304
137,5308,temozolomide,Tumor-Treating Fields Induce RAW264.7 Macrophage Activation Via NK-κB/MAPK Signaling Pathways,2019.0,,,,,"[5] [6] [7] A phase III trial of TTFs combined with temozolomide established that this treatment protocol led to minimal toxicity, increased the overall survival rate, and improved patient quality of life with equivalent therapeutic efficacy to chemotherapy",,,0,,,,0.10613630712032318
138,13220,ribavirin,Successful Outcome of Human Metapneumovirus (hMPV) Pneumonia in a Lung Transplant Recipient Treated With Intravenous Ribavirin,2007.0,,,,,[5] [6] [7] We report a case of hMPV pneumonia in a lung transplant recipient who was diagnosed by polymerase chain reaction (PCR) and successfully treated with intravenous ribavirin.,,,0,,,,0.0015705961268395185
139,21457,dexamethasone,Efficacy and Safety of Bortezomib in Multiple Myeloma Patients with Hepatitis B: A Multicenter Retrospective Study,2016.0,,,,,"[5] He was treated with four cycles of vincristine, doxorubicin, and dexamethasone and up to eight 3-week cycles of bortezomib, HBV DNA was negative and aminotransferases were found to be normal during therapy and then the hepatitis B reactivation was demonstrated with a HBV DNA level of 20,000 copies/ml, 18 months after bortezomib therapy",,,0,,,,0.03955962508916855
140,14283,enalapril,Protective Role of the ACE2/Ang-(1–9) Axis in Cardiovascular Remodeling,2012.0,,,,,[51] have observed increased ACE2 activity and Ang-(1-9) plasma levels in MI and sham rats treated with enalapril for 8 weeks while circulating Ang-(1-7) levels did not change in any phase after MI [51] (Figure 1 ),,,0,,,,0.07331880182027817
141,14281,enalapril,Protective Role of the ACE2/Ang-(1–9) Axis in Cardiovascular Remodeling,2012.0,,,,,"[51] observed that (a) circulating and LV enzymatic activities of ACE2 were downregulated in the long-term phase of LV dysfunction in rats, (b) these effects were prevented by the conventional ACE inhibitor enalapril, (c) plasma Ang-(1-9) levels were significantly increased when MI rats or sham-operated rats were treated with enalapril for 8 weeks but circulating Ang-(1-7) levels did not change at that time ( Figure 1) Ang-(1-9) Figure 3 : Signaling events and cellular effects induced by Ang II via AT1R and opposing effects of Ang-(1-9) acting through AT2R",,,0,,,,0.7125217318534851
142,1346,boceprevir,Antiviral Natural Products and Herbal Medicines,2014.0,,,,,"[53] The present standard of care consists of parenteral Peg-IFN-a plus oral ribavirin, and will soon incorporate the new protease inhibitors boceprevir and telaprevir for combination therapy",,,0,,,,0.0025767525658011436
143,361,aspirin,"The Redox Role of G6PD in Cell Growth, Cell Death, and Cancer",2019.0,,,,,"[54] Reduced cell proliferation miR-206 targets 3 UTR of G6PD [40] Inhibition of proliferation, promotion of apoptosis, reduced xenograft tumor growth in nude mice miR-1 suppresses G6PD activity [41] Colon High NADP, inhibition of dihydrofolate reductase (DHFR), impairment of folate-mediated biosynthesis Induced ME1 and IDH1 compensation [43] Colorectal Decreased synthesis of ribose and NADPH Acetylation of G6PD at catalytic site by aspirin [18] Hepatocellular Suppressed PPP flux, DNA synthesis, and cell growth Bcl-2 associated athanogene (BAG3) suppresses dimerization and activity of G6PD [154] Reduced G6PD activity miR-1, miR-122 repress G6PD expression [ ",,,0,,,,0.10034561157226562
144,10252,chloroquine,Chloroquine and beyond: exploring anti-rheumatic drugs to reduce immune hyperactivation in HIV/AIDS,2015.0,,,,,[54] treated with chloroquine (18.7 mg/day for 112 consecutive days) seven SIVmac 251 -infected rhesus macaques during the viral load peak that characterizes acute infection,,,0,,,,0.0847661942243576
145,107,albendazole,Chapter 5 Infectious diseases,2011.0,,,,,[55] [56] [57],,,0,,,,0.006624872330576181
146,21558,cyclosporine,33 Hematopoietic Tumors,2019.0,,,,,"[56] [57] [58] In a case-control study of cats undergoing renal transplant, 24% of cases developed cancer (36% of those were lymphoma) while on cyclosporine immunosuppressive therapy compared with 5.1% of control cats, none of which developed lymphoma (OR, 6.1; p = 0.001)",,,0,,,,0.771868884563446
147,1352,curcumin,Antiviral Natural Products and Herbal Medicines,2014.0,,,,,"[57] [58] [59] Curcumin has been identified as a potential inhibitor of HCV replication, potentially by suppressing sterol regulatory element binding protein-1 (SREBP-1)-Akt pathway, [60] and more recently its negative effect on HCV entry has been demonstrated",,,0,,,,0.8771064281463623
148,22731,oseltamivir,Rapid clinical diagnosis in fatal swine influenza (H1N1) pneumonia in an adult with negative rapid influenza diagnostic tests (RIDTs): Diagnostic swine influenza triad,2010.0,,,,,"[6] [7] [8] [9] Early in the swine influenza pandemic, every case of possible H1N1 pneumonia with negative RIDTs was reviewed by the Infectious Disease Division to validate the diagnostic weighted point score system, and to determine which patients had probable diagnosis of swine influenza (H1N1) pneumonia requiring influenza precautions and oseltamivir therapy",,,0,,,,0.0051289820112288
149,5668,erythropoietin,Nanomedicine for Treatment of Acute Lung Injury and Acute Respiratory Distress Syndrome,2017.0,,,,,[60] developed nanocarrier-based gene therapy to upregulate the expression of pulmonary erythropoietin receptor in an animal model of hyperoxic lung injury,,,0,,,,0.934106171131134
150,17356,sildenafil,Methods for studying naturally occurring human pain and their analogues,2013.0,,,,,[64] administered sildenafil to patients with a history of migraine,,,0,,,,0.005686880089342594
151,3738,ezetimibe,,,,,,,[67] [68] [69] [70] Cost is a major limitation in the clinical management of high-risk cardiovascular patients,,,0,,,,0.010877560824155807
152,14057,choline,Extracellular barriers in respiratory gene therapy,2009.0,,,,,[67] demonstrated that the gene transfer of both ethyldimyristoylphosphatidyl choline/cholesterol (EDMPC/Chol) based lipoplexes and linear PEI based polyplexes was respectively~20 and~10-fold higher when the mucus covered epithelium was treated with nacystelyn or NAC before application of the NANs,,,0,,,,0.18174520134925842
153,7757,lipase,"Bioactivities, isolation and purification methods of polysaccharides from natural products: A review",2016.0,,,,,[69] reported that a basic polysaccharide is able to suppress dietary fat absorption from the small intestine by inhibiting pancreatic lipase activity to get the purpose of losing weight.,,,0,,,,0.9098982810974121
154,6341,ribavirin,Severe Acute Respiratory Syndrome Complicated by Spontaneous Pneumothorax,2004.0,,,,,"[7] [8] [9] All patients in this study received therapy with IV ribavirin (Rebetol; Schering-Plough; Kenilworth, NJ) and steroids (typically, methylprednisolone) according to this protocol.",,,0,,,,0.001989680342376232
155,12385,dexamethasone,,,,,,,[72] [73] [74] A recrudescence of BCoV fecal shedding was observed in 1 of 4 WD-BCoV-infected cows treated with dexamethasone,,,0,,,,0.9596385955810547
156,22843,clindamycin,34 Acute Pneumonia and Its Complications,2012.0,,,,,"[77] [78] [79] While the use of vancomycin, clindamycin, or linezolid is not recommended for initial treatment of uncomplicated CAP, these agents may be considered for treating suspected CA-MRSA infection, if pneumonia is unresponsive to initial antibiotics, or in those patients allergic to beta-lactam agents",,,0,,,,0.01573176309466362
157,10148,ribavirin,Successful clearance of human parainfluenza virus type 2 viraemia with intravenous ribavirin and immunoglobulin in a patient with acute myocarditis,2013.0,,,,,"[8] [9] [10] Ribavirin, a synthetic nucleoside, together with interferon alpha improved survival in mice when administered at the time of virus inoculation",,,0,,,,0.003459150204434991
158,15922,dextran,Excretion of Eimeria spp. oocysts in young lambs following iron supplementation,2018.0,,,,,"[8] administered 200 mg iron dextran intramuscularly within 24 h of birth, Vatn and Torsteinbø [14] injected 300 mg iron dextran subcutaneously to lambs within 1 week of birth, and in our study we used 600 mg gleptoferron subcutaneously within the first 3 days of life",,,0,,,,0.001297460519708693
159,5627,rituximab,α-Helical Coiled Coil Peptide Materials for Biomedical Applications,2016.0,,,,,[83] [84] [85] [86] The anti-CD20 antibody Rituximab was approved in 1997 to treat low-grade non-Hodgkin's lymphoma (NHL),,,0,,,,0.002095959847792983
160,12233,ketotifen,Wheezing in children: Approaches to diagnosis and management,2019.0,,,,,[85] concluded that children treated with ketotifen were 2.4 times more likely than those treated with placebo to reduce or stop their bronchodilator treatment.,,,0,,,,0.4387882351875305
161,21551,prednisone,33 Hematopoietic Tumors,2019.0,,,,,[864] [865] [866] Successful therapy with melphalan and prednisone has been rarely applied for a local recurrence or incomplete margins in dogs and cats,,,0,,,,0.34804970026016235
162,18438,salmeterol,COPD exacerbations: defining their cause and prevention,2007.0,,,,,"[91] [92] Mahler and colleagues 91 found that the time to the fi rst exacerbation was longer with therapy with the long-acting beta agonist salmeterol, although the overall number of exacerbations during the study was small",,,0,,,,0.0015764266718178988
163,17825,collagen,Novel nano therapeutic materials for the effective treatment of rheumatoid arthritis-recent insights,2018.0,,,,,"[91] developed wrapsome (WS) containing siRNA (core composed of a cationic lipid bilayer and siRNA complex enveloped in a neutral lipid bilayer in polyethylene glycol over the surface) (SiRNA/WS) and they checked its therapeutic activity in collagen induced arthritis (CIA) mice model, at an intravenous dose of Cy5-labeled siRNA/WS",,,0,,,,0.025751736015081406
164,15909,methylprednisolone,Chapter 50 Extubation and Reintubation of the Difficult Airway,2013.0,,,,,"[95] [96] [97] [98] In the setting of adult ICUs, a large, multicenter, prospective, randomized, double-blind trial of methylprednisolone (20 mg administered 12 hours before and every 4 hours until extubation) versus placebo found that steroids significantly reduced post-extubation laryngeal edema (11 of 355 versus 76 of 343, P < 0.0001) and required reintubation due to laryngeal edema (8% versus 54%, P = 0.005)",,,0,,,,0.008857864886522293
165,21057,daptomycin,5 Antibacterial bioactive materials,2011.0,,,,,"[97] implanted PMMA beads loaded with an antibiotic (vancomycin, daptomycin, or tobramycin/gentamicin, or a combination of these) to treat vascular surgical site (VSS) infections",,,0,,,,0.0025051948614418507
166,23122,amantadine,Overview of the 3rd isirv-Antiviral Group Conference – advances in clinical management,2014.0,,,,,"[98] [99] [100] [101] Other treatment options under study are the use of triple combination therapy with amantadine, oseltamivir and ribavirin, 102 or intravenous peramivir 103 or zanamivir",,,0,,,,0.0024385948199778795
